TV,Radio,Newspaper,AgeGroup,Platform,Sales
389272.4724001324,351144.3695183262,428190.8612577122,Adult,TV,100000.0
1385687.5949864758,324940.39489016414,335867.0384229562,Adult,Print,100000.0
2144477.2538527925,578182.5615701794,566250.0123952429,Adult,Online,100000.0
1436416.2723658883,945203.2580851796,191544.2117137154,Adult,Print,100000.0
107142.62633148114,649822.0423832808,677333.4297224935,Young,Social Media,100000.0
836539.0036591921,119856.73156144649,75963.49749932764,Senior,Online,100000.0
1617761.8958751457,476381.3846270857,255983.20859121744,Senior,Print,100000.0
1871170.2195505777,85417.1793154791,385.18484087006755,Young,Print,100000.0
1387290.0442737574,326860.75157028507,669821.2327102838,Senior,Print,100000.0
510980.76588770386,652866.3804649374,232782.75268469154,Adult,Online,100000.0
897738.1146391808,128527.2052852603,89544.23099582983,Adult,TV,100000.0
2136715.487027229,369304.0813610161,264655.5210084889,Adult,Print,100000.0
1991307.9929969383,539622.2276190411,480370.12823208765,Adult,Print,100000.0
2238676.365150762,440445.87427181104,508255.5987783322,Young,TV,100000.0
2062023.3442968896,745715.9747063942,272951.77012787864,Senior,TV,100000.0
1021905.5358114305,282522.3181235518,796533.0994621399,Adult,TV,100000.0
542282.3830901495,858241.6576968691,252329.24617204996,Young,Online,100000.0
2012535.6704794792,153803.99017172243,656384.5949652138,Young,TV,100000.0
2817343.2971572126,204303.5172412345,602740.5799834144,Adult,TV,100000.0
292315.50260277477,653609.1879583168,649076.7520618666,Adult,TV,100000.0
1078355.548441316,912789.6999694505,551869.8158367032,Young,Print,100000.0
596416.418709832,959497.6130597185,788334.437082208,Senior,Social Media,100000.0
2281212.9482880565,117055.08871834258,334590.9291315711,Adult,Social Media,100000.0
2266469.5058301315,692466.182910176,141005.4347479978,Adult,Print,100000.0
557158.4092795822,100212.64333678148,699044.0252112825,Young,Online,100000.0
2743460.9184623337,754746.7923822508,95400.72927974483,Senior,Print,100000.0
290480.38815983676,994810.4771519628,579714.7956540333,Young,Social Media,100000.0
1596818.9614747833,629217.6911335677,480814.8388294393,Young,Online,100000.0
1657009.3459182456,219268.60511744107,228395.88723631817,Young,Online,100000.0
954885.4597836466,396266.5482305354,451185.49077772174,Senior,Print,100000.0
1252465.25574163,528803.2733203886,74963.6063968441,Young,Social Media,100000.0
2536177.7074425104,325534.61571958696,236344.74750921762,Senior,Print,100000.0
2110691.1805675765,530861.9971669532,526183.0024992877,Senior,Print,100000.0
2890511.8330799243,563386.7163266978,719036.0116971905,Senior,Social Media,114576.11741306857
2943920.095514429,275381.22881187045,730353.2982131107,Senior,Print,100000.0
2648502.050523051,456845.0888734996,302476.4322386262,Senior,Social Media,100000.0
1408568.0118255261,363129.95798378636,306082.3708000742,Senior,Social Media,100000.0
626743.846388848,822419.7092616803,533656.3363883769,Young,Social Media,100000.0
2538294.4797043167,867125.2699028013,82183.83161170219,Senior,Online,100000.0
2108346.0237038312,792260.0735648618,389052.99643890496,Senior,Social Media,100000.0
507354.7755348338,668615.7654173705,52386.43000531251,Adult,TV,100000.0
1681851.5759477355,800377.5691806995,6866.353791021585,Young,Online,100000.0
2634590.607295745,651440.9544403818,447665.2488477869,Senior,Print,100000.0
1462645.485200888,599353.4810347233,205335.17019021357,Adult,Social Media,100000.0
1823612.4991326167,770694.5943358191,32607.5744437496,Young,Online,100000.0
200871.41365605316,843569.6009359267,448056.6964881434,Adult,Social Media,100000.0
1641255.8370680064,574229.9083471976,382444.9305910679,Young,Online,100000.0
993385.169537031,744184.9160998077,468716.9509135268,Adult,Social Media,100000.0
1578257.8032349981,397728.19500897394,520047.4751432246,Adult,Online,100000.0
2496470.4975349517,131076.5121451175,487163.3258485979,Adult,Online,100000.0
1061133.2973795105,441033.1755749485,130916.12267369292,Adult,Online,100000.0
320380.18253046705,465630.9237405453,722168.1772786456,Young,Social Media,100000.0
573656.5377672557,918304.9713720899,79222.34109591288,Young,TV,100000.0
468177.54233299574,554786.2341647622,655864.8911482167,Young,Print,100000.0
912762.2796981974,440628.48310229083,115317.63631482238,Senior,Social Media,100000.0
1696960.5997432792,620343.5538779863,208911.19802309852,Young,Online,100000.0
121464.98875374685,530594.685017433,732509.6608635742,Senior,Print,100000.0
1814850.0353305324,644476.7864966908,423288.7455690772,Young,Online,100000.0
1336434.437024248,443751.5749359717,276526.8238538114,Adult,Online,100000.0
2152088.9464021623,548604.8080163822,383819.57849345286,Young,Social Media,106039.27611223659
1554881.6028862714,932003.1707954509,211387.77078050398,Senior,Online,100000.0
2410800.0794967767,29049.649615876195,388962.77157451975,Adult,Social Media,100000.0
1814051.4882802626,832060.8430444441,670877.2918621269,Young,TV,122226.81945230092
2312625.945023145,457124.5306262264,113359.25353004565,Young,Social Media,100000.0
2060938.178195198,918271.2123557029,693106.9514079884,Senior,Online,100000.0
2903392.336896338,7026.734918526234,559451.3774052212,Young,Online,100000.0
996180.2580295438,693732.2909677319,421449.6177923265,Adult,TV,100000.0
858409.6237884342,850026.4850919662,769049.27137421,Young,TV,100000.0
1325101.0837309172,386847.5237748955,639159.3622157335,Senior,Print,100000.0
1904376.7747425055,801479.4113424523,209624.75619042217,Adult,TV,100000.0
657108.273296242,112236.09733027418,772693.3312461275,Senior,TV,100000.0
1402339.0033890763,654703.6106866124,78173.27803599152,Adult,Social Media,100000.0
2504405.9570339806,740953.8238182068,247326.2333621797,Senior,Social Media,100000.0
1355733.6687968841,444368.80367104936,178374.33356899943,Senior,Social Media,100000.0
1352500.3109599007,207901.42498407737,409905.54563224537,Young,TV,100000.0
670310.6774293283,107276.12748311454,566579.4247860329,Young,Print,100000.0
2398387.0402866523,607045.092648967,255322.97688964265,Adult,Print,105401.25150621742
2973289.138437521,827876.0756163845,535289.0347195471,Senior,Social Media,100000.0
2711330.5033012484,405697.95109882514,448183.25249689666,Young,Online,113793.04333602195
126041.72620761118,908107.525889661,714879.2352543143,Senior,Online,100000.0
741098.4796625872,433629.70544612553,526054.2720788344,Adult,Online,100000.0
1229330.1138589813,607698.60797437,748416.9107413976,Young,Online,100000.0
441524.65399500355,719747.4986670482,160480.6166596954,Young,TV,100000.0
2898566.3049579943,915937.8339731063,755850.5679940145,Young,Social Media,100000.0
1818100.4342369162,600747.4894768741,304825.9560733076,Senior,Social Media,100000.0
486319.2360618771,493645.67727642483,128455.55545116945,Young,Print,100000.0
129101.43416105397,154529.04648503783,507106.17767517385,Adult,TV,100000.0
2892026.8427946866,296032.3281479402,223298.59144147433,Adult,Print,100000.0
2942599.968845005,988095.7620937335,51390.25184320678,Senior,Print,100000.0
175488.55214807292,985719.9928710639,689626.0714085586,Young,Online,100000.0
2870587.649929372,617277.7928222878,677029.6343437302,Adult,TV,100000.0
2407196.434147039,681997.0425104552,40263.02162709783,Adult,TV,100000.0
1258535.7729884612,560851.5670571458,742327.80852531,Senior,Social Media,100000.0
1661479.9335104974,141721.76613711863,290134.4149662144,Senior,Online,100000.0
1226363.798382666,242896.7382188878,164911.43220187913,Senior,Online,100000.0
2063681.190782359,757463.9302109489,378591.3477900434,Senior,Print,100000.0
850804.4057081437,440244.11581609404,741117.0529624579,Young,Social Media,100000.0
422515.73973001685,119539.8888509841,724172.1449798672,Young,Online,100000.0
2926351.4257693645,704206.0103595933,234440.6310051518,Adult,TV,100000.0
2886351.0946133793,140847.7059471781,711835.122154457,Young,Online,100000.0
1467466.9136186268,616352.0623221528,101792.11533749034,Adult,Online,100000.0
2287747.622915267,741674.7326109987,422385.44704087503,Adult,Online,100000.0
1895697.9342532547,71292.19329856739,533336.7502329795,Adult,Social Media,100000.0
1940883.8901212297,968209.4054692962,792567.5073948858,Senior,Online,100000.0
1910235.1049144983,934594.4302410949,292662.7319874204,Senior,Online,100000.0
1185786.9373151439,592896.1055447358,329398.63934277673,Young,Print,100000.0
2057651.4703531524,44770.55438458444,284419.5901259738,Young,Online,100000.0
529319.7040752776,122719.90800261423,548870.3641796176,Adult,Social Media,100000.0
2766014.602397692,688309.5310944899,669646.6238971209,Adult,Online,100000.0
303310.22005596536,418189.84648528544,312116.6978025457,Adult,Online,100000.0
2737116.8829030143,424863.6365524421,633184.6177434203,Adult,Print,100000.0
1269628.2050709699,340884.7009071837,61066.32487180974,Senior,Online,100000.0
2565240.4466329827,763673.1416291563,271643.6184098286,Young,Print,100000.0
1495855.4844011706,941985.809958032,448061.62019355816,Adult,Online,100000.0
1704009.7536649164,24795.19141969566,784352.2711539407,Young,Print,100000.0
1415457.6564287238,693724.8833395804,616124.2020019109,Senior,TV,100000.0
153709.71816490678,276776.5787389668,287280.7901799046,Senior,Online,100000.0
1526606.9511920635,52494.845569192374,193541.59634575198,Adult,Social Media,100000.0
382940.75112698093,818394.4458751136,643480.668042787,Adult,Social Media,100000.0
2655602.360261523,419035.8135001958,86389.92153020384,Adult,Online,100000.0
2551818.174814554,194289.66907566125,349182.07774923753,Adult,Online,135579.6787806362
2014673.388899179,169095.00001320243,96085.11713898258,Adult,Social Media,100000.0
1101792.167846919,488919.7359995342,287479.3880502861,Adult,Print,100000.0
275492.0663021229,856347.7894257987,773804.7741194388,Senior,Print,100000.0
1996937.2187929528,492972.6393272166,754609.699685226,Adult,Online,100000.0
2504849.4101307928,408354.69086706097,496634.6229503112,Adult,Social Media,100000.0
1278486.5750649865,448218.68745013326,382006.4949826824,Young,Social Media,100000.0
2232402.6879544077,955409.6154805834,730442.393847588,Young,TV,100000.0
2714224.3528793035,109245.22968285021,2836.19670957167,Young,Print,100000.0
673683.3267712586,542073.7058530377,417189.96688590915,Young,Online,100000.0
2204172.0471028564,663014.1625682235,144824.05570849197,Senior,Online,100000.0
783017.7947927932,717567.1214604715,739816.2657801241,Senior,Print,100000.0
110066.59877932559,342690.4761601083,145253.54773282705,Senior,Online,100000.0
2254485.2838658844,99440.32287273707,46452.452030717504,Young,Print,100000.0
2174437.28840411,184546.64849012447,598080.8702134519,Young,Social Media,100000.0
537213.3956180883,897482.6553178997,450075.44141730724,Young,TV,100000.0
105216.77360240209,164766.42600368007,636401.1623593888,Young,Social Media,100000.0
2261604.780579238,56768.297794605125,772045.2599664171,Senior,Print,100000.0
1639714.9198925942,414155.60078397783,218531.87388174984,Adult,TV,100000.0
2945738.9829787775,194164.61233575287,705.4945145958947,Adult,Print,100000.0
741059.1923313347,7068.991079095199,792227.4115023954,Young,Print,100000.0
562935.5064431995,691022.6644664485,485287.3843428683,Adult,Print,100000.0
685274.0495261154,545149.5379164722,540765.3079626232,Young,TV,100000.0
1460463.5388277995,706453.9082269155,550356.9333235084,Adult,Social Media,100000.0
2720138.977739061,999840.54240028,213705.05096258156,Senior,Print,100000.0
2081702.1902421648,633381.0223153039,123787.58362095308,Adult,Social Media,100000.0
1744081.0064453906,802865.4975517228,318979.59726204415,Adult,Social Media,100000.0
404385.5289314578,102536.1104964817,454268.82838780986,Adult,Online,100000.0
939793.0866082882,453214.1490043902,6599.889494778477,Young,Social Media,100000.0
2129654.3292602487,237749.5134670462,331189.9568446927,Adult,TV,100000.0
1229543.7500324445,224062.18672683308,616353.056947454,Young,Social Media,100000.0
2136571.0743631423,629503.7401508635,205457.74424186343,Adult,TV,100000.0
997249.0132615636,803999.8966645327,734492.041820583,Young,Social Media,100000.0
2900770.480030047,759710.3604726106,11960.849543718145,Senior,Print,100000.0
1754791.0663089906,129505.01951412119,635401.3871122926,Adult,Online,100000.0
734681.9051113812,43303.36343331387,230016.95943390744,Young,Online,100000.0
196162.97297358513,570124.8059832948,383670.3564262798,Senior,Print,100000.0
2836476.949301115,323801.3215204023,107059.16353770552,Adult,Print,100000.0
1044557.0979916312,194312.97934072657,480948.0013955929,Adult,Print,100000.0
2975079.99157184,709663.8573726562,138162.72868092402,Senior,Print,100000.0
964712.6625384022,982894.2445842937,259086.13969226132,Senior,Print,100000.0
2084950.501065122,240244.07352406107,330106.8110001375,Senior,Online,100000.0
1721371.8241779997,435009.9187017493,396382.43302686035,Senior,Social Media,100000.0
1318334.4751140666,249517.80746408837,76339.8872565948,Young,Social Media,100000.0
2758547.139400372,339296.82116267434,281149.32235882105,Senior,Online,100000.0
2776343.3905697954,572692.278206043,707548.0091158928,Young,Online,100000.0
2722577.1564664156,421785.5025051531,599787.6848254768,Adult,Social Media,100000.0
2586550.439839044,40431.127543893555,562615.5867451915,Adult,Print,100000.0
1004025.7968919914,100102.05463576005,258252.44631437742,Young,Social Media,144977.54680455968
2247078.168557638,474831.19626876304,15378.760417014359,Young,TV,100000.0
2570834.2431067307,668716.788450624,540376.3793360961,Senior,Print,100000.0
2748744.932104273,133977.48428264578,739066.2311144741,Young,Print,100000.0
326535.4278664807,51907.46965311488,402297.4104758412,Young,Online,100000.0
897380.3525661868,303471.5372097132,553520.173713386,Young,Online,100000.0
2084855.7403827652,79321.51344026873,151494.2222929883,Senior,TV,100000.0
2682819.044363499,858802.0046754419,750252.4093380021,Young,Print,100000.0
1188212.3742912603,632497.2539366679,250540.02055809842,Young,Print,100000.0
1056191.3000998152,271793.2195563834,515171.68151784205,Young,Print,100000.0
1931417.6725903007,267498.30128153664,428083.46419273963,Young,Online,100000.0
1031873.7650058353,546449.5104115404,200614.07487290594,Young,Online,100000.0
2802056.8394695157,943099.6761264659,723719.3516093907,Young,Print,100000.0
1924426.997632551,504173.1692297992,319739.0893324073,Senior,TV,100000.0
428010.12037097657,860144.6437638139,503537.14437165705,Adult,Social Media,100000.0
2183080.899543288,348197.1001382186,143351.71481344692,Young,Print,100000.0
1866213.2030099453,474651.69452524424,54810.16739277589,Young,TV,100000.0
1321633.061654303,339232.1985790375,453767.1623615671,Senior,Print,100000.0
1143857.3966432558,170781.92097958745,525844.0728913151,Adult,Social Media,100000.0
2097791.0302456496,292461.11831269186,469726.1818361567,Adult,Social Media,100000.0
492773.1416683661,678710.1776321494,422292.89251885505,Adult,Print,100000.0
558773.7341358492,993105.4383435694,620349.7479869674,Senior,Social Media,100000.0
2258090.7504158295,684206.5409351706,710577.0845123442,Adult,Print,100000.0
1894496.0191560169,352099.57965325733,76826.30173609377,Adult,Social Media,100000.0
2662454.6306662816,412792.3259701955,787315.8315915016,Adult,Print,100000.0
1503641.1391494256,688346.4432867145,61427.620848194754,Young,Print,100000.0
501916.61718659295,603636.1667633386,583390.8866797268,Young,TV,100000.0
2196262.8035948826,416447.4262446628,292252.9774542967,Adult,Print,100000.0
2931298.025983772,856277.185072441,289052.5717530984,Young,Social Media,100000.0
2611404.3482087366,144558.23228992248,293491.4523868233,Adult,Print,100000.0
274627.92160440073,537313.9382534575,548904.3295962014,Adult,Print,100000.0
1021125.9308911102,241501.83020350002,546288.4802698554,Senior,Online,100000.0
821557.7684217646,464686.92203322315,434694.4475284357,Senior,Social Media,100000.0
2249446.002455087,873664.8139887425,358870.16851540137,Senior,Online,100000.0
2395456.880663424,275418.48028416105,656011.8827981782,Senior,Print,100000.0
1863467.9497808537,953302.5153273805,382394.1269540304,Young,Social Media,100000.0
843453.0537514722,108545.54054967868,106664.78182093587,Adult,TV,100000.0
2742821.3435964445,679977.4893737957,743961.2657126156,Senior,Print,100000.0
2944347.106574073,804355.4492334045,639910.0635541672,Senior,Online,100000.0
133641.3898714755,635279.5080590809,672536.2283075686,Young,Social Media,100000.0
1854748.348209019,429554.54187796713,363627.0593055456,Young,Online,100000.0
2677391.018536626,278485.3662571811,109064.67556874828,Adult,TV,100000.0
2781775.146222132,762402.6756053908,177318.26325798794,Young,Social Media,100000.0
478258.862978883,200451.3705683243,767856.4436146354,Young,Online,100000.0
2135061.2319227615,111391.63167522925,725933.4772116716,Senior,Online,100000.0
711157.0519676433,434626.9354477136,608848.6228418607,Adult,Online,100000.0
856984.9911896533,193719.80568031245,205504.21437907201,Young,Print,100000.0
2991782.013998012,752070.4211236971,696640.9818076531,Adult,Print,100000.0
1987251.7156741254,229101.68092152206,573295.382666995,Young,Online,100000.0
2852315.3161827894,251554.47375417882,622597.1593993886,Adult,Online,110513.49553263687
2006032.780943147,790869.0306351403,395664.26321481855,Young,Print,100000.0
179371.82301001766,675654.3247357702,30567.42265412744,Adult,Print,100000.0
2121212.2046713876,173344.62700989394,30467.351731492352,Senior,TV,117081.69377824546
2120422.8481671526,352035.1244960973,22609.46659921235,Adult,Print,100000.0
2655203.943905311,19102.646242817544,236406.7165447623,Senior,Social Media,100000.0
2075121.685102912,536830.3225134097,178161.0836829203,Senior,TV,100000.0
697967.2590459127,514909.22174649045,238040.44488176118,Young,Online,100000.0
2786754.350362305,274647.41083338007,180532.86243009445,Young,Social Media,100000.0
1577939.6187926647,31458.341488961538,135782.1963774068,Young,Social Media,100000.0
2764135.6011150694,555166.99120563,791984.5465998134,Senior,Social Media,100000.0
1402204.9189964314,961530.0582898562,755872.5137067811,Adult,Print,100000.0
1796040.9415163097,853191.7392875034,379115.73630038474,Senior,TV,100000.0
1456747.8490478385,415855.7517251309,702573.5021037214,Senior,Print,100000.0
2018173.3515672544,302150.82691935013,516309.2719602802,Adult,Print,100000.0
204573.65536815824,352314.9446996269,52087.30442974501,Senior,Social Media,100000.0
1831103.3502183647,564668.5084648264,26405.6807587691,Young,Print,100000.0
1557095.7629109253,21892.97029628423,18063.617460692338,Young,Online,100000.0
715075.7385049872,949193.3070232917,524134.4472839776,Senior,Print,100000.0
1414851.0166597164,437995.7816922624,71384.88899016222,Senior,Social Media,100000.0
2127502.3574032215,718430.1617913448,454982.6797187955,Senior,Social Media,100000.0
2971488.988073877,324079.69617808075,257680.68268196407,Senior,Social Media,100000.0
764498.9306106785,651853.836716725,380060.0739324829,Senior,Social Media,100000.0
141349.9399246983,240518.10328625844,141815.373268268,Young,TV,100000.0
2476758.788914268,292104.0983412039,682964.1941389589,Senior,Print,100000.0
1108453.3115848051,689880.6961103935,664507.7919002514,Young,TV,100000.0
1343817.9596325774,326005.95056028536,258036.9198745636,Adult,Online,100000.0
1392250.0428019797,784624.177067458,458300.3088790489,Adult,TV,100000.0
2195862.504479561,974540.6691163698,49340.92016710423,Adult,Print,100000.0
1250786.9195899577,113124.53218379659,491025.70149634214,Adult,Social Media,100000.0
2313239.5082336743,167724.74313845253,615086.2492445451,Senior,Social Media,100000.0
2825910.8904858264,249925.57144278794,179065.31672323451,Senior,Print,136072.96487330014
1056295.3635774683,682666.0894810715,54658.87340432856,Adult,Social Media,100000.0
798904.3288417406,779786.9314682493,594800.5178384277,Young,Social Media,100000.0
2528058.112518329,632447.4436651263,648011.6407977178,Young,Online,100000.0
1888313.3876672026,53350.46743781968,471249.33937288646,Adult,TV,100000.0
2935016.589502208,719957.9852107047,464075.41527469666,Young,Social Media,100000.0
675353.8828239033,498429.32535160065,530229.3485912447,Adult,Social Media,100000.0
887706.4045513126,995178.7816131292,579488.5237836078,Senior,Social Media,100000.0
2704424.906267171,81082.51324762794,493515.1838563627,Senior,Social Media,100000.0
2884274.1146649416,434085.85165853275,700862.4033705512,Adult,Social Media,100000.0
2403867.931468997,411257.833639597,228867.58803122395,Young,Online,100000.0
1531192.9607895084,441892.5026742918,20962.00401918562,Young,Print,100000.0
2343375.3057936328,677859.1088544963,356560.017155957,Adult,Print,100000.0
1974676.35063315,700501.9583228345,358585.225323679,Adult,TV,100000.0
2156071.165106495,105242.40019418884,213667.30599764886,Senior,Online,100000.0
1616733.2477967867,200637.46912083868,10714.852544469533,Senior,Print,100000.0
2169116.5141019467,48158.772588998254,486384.57633429056,Young,TV,100000.0
2951108.368087172,144332.701455262,708642.80914713,Senior,Social Media,100000.0
234705.36592079938,182573.8447024311,724309.6669844824,Young,Social Media,100000.0
729025.6684863389,192563.47755563262,465822.352272127,Senior,TV,100000.0
2693090.2244074126,713841.3451030719,392761.50712873036,Young,Print,100000.0
2631440.3980322997,244410.66727931192,251150.25756029823,Senior,Print,100000.0
2115220.559128939,102295.80088432688,691298.89371372,Adult,Print,100000.0
1373364.1480931798,38644.01442693199,524233.7827262829,Adult,Social Media,100000.0
2946803.9677842753,389540.9573520454,27260.403407140908,Senior,Online,108188.02018030782
1078641.1280917402,562417.3924991329,207777.6875609997,Senior,Online,100000.0
1410925.105164931,88097.55866585756,69365.44465706928,Young,Online,100000.0
799768.256772453,688899.7645887516,2715.372297753227,Young,Online,100000.0
661140.7185426411,261018.07714122004,193704.2921532303,Adult,Online,100000.0
1529447.6788284548,794959.6873186079,495136.0080717398,Adult,Online,100000.0
1518357.4110749848,297686.8504730529,430507.60951108416,Adult,Social Media,100000.0
2194569.3214704935,500977.39960359386,596069.5520367344,Adult,Social Media,100000.0
762060.9536999463,120265.15754963696,718640.2385118665,Senior,Print,100000.0
2842282.339096722,113559.74920826861,258118.766983249,Adult,Online,100000.0
2326020.208271985,501179.744626636,77958.71682047527,Senior,TV,100000.0
828615.3997786073,651611.016394024,378822.2133358949,Adult,Print,100000.0
454388.43365851796,958780.4665590748,506542.83437612205,Adult,Online,100000.0
2092958.7177726696,672014.5118815853,314444.946044353,Senior,Print,100000.0
1432953.0481771536,539916.3171329767,738635.2948490742,Senior,Online,100000.0
2391915.1171306837,163443.69449407925,512518.21539591916,Adult,Online,100000.0
1367620.811605803,435030.1882104983,168673.0888782308,Adult,TV,100000.0
2158699.622968386,591892.1571824152,2879.1239670433733,Senior,TV,100000.0
721333.8582353949,675878.1116894436,44239.735025376525,Young,Online,100000.0
1824259.2262002437,94147.72260931948,778271.7760826071,Senior,Online,100000.0
634682.8722343401,659702.6644357288,184882.3861591929,Senior,Online,100000.0
2703488.5011914787,171917.09348721927,18496.27491083856,Senior,TV,100000.0
2634061.765352811,730414.0844204931,41941.246095948336,Senior,Print,100000.0
2252871.7812675475,606602.4622051801,41942.41596090444,Senior,Print,100000.0
1456895.6753157882,362084.38608108973,302465.4119289921,Young,Social Media,100000.0
1686397.914637864,925508.3374730059,451593.2441907692,Adult,Print,100000.0
2616948.6309925593,117360.26070106453,597893.6973573244,Senior,Print,100000.0
2252601.9016096913,332204.75346081477,762094.3511477155,Senior,Social Media,100000.0
1771129.3761541916,39448.6486567871,637593.9055534076,Adult,Social Media,100000.0
683060.8044767679,74945.20231594647,119188.57598797671,Young,Social Media,100000.0
2167105.4178306535,41796.381850489175,103368.06912164178,Young,Online,100000.0
2382709.022269429,216294.34187313568,359640.2727986715,Young,TV,100000.0
527812.4065363114,209703.11934293306,549793.2371868426,Senior,Print,100000.0
1665670.090256914,893130.2527565607,217735.7059155371,Senior,Online,100000.0
265934.552759932,725720.2513227499,168774.88618758277,Young,Online,100000.0
1375042.9588960193,190966.23164938155,231788.8029795797,Adult,Print,100000.0
1014663.8759282568,580044.1383977968,646598.6168100894,Senior,Social Media,100000.0
2364294.4530441607,246393.44046167666,345431.8610186466,Adult,TV,100000.0
1876859.018187006,669966.0702731962,259569.5402623555,Adult,TV,100000.0
631624.5521259565,351374.76483838056,680346.804478461,Senior,Print,100000.0
2733447.171657384,117057.40351850446,517153.04445933626,Young,Online,100000.0
1027272.7906934383,993973.2611140476,569405.2418247105,Young,Online,100000.0
722213.4682898192,716645.395170042,140576.92341091757,Young,TV,100000.0
1884770.064738138,559188.7613298981,169030.63686036618,Senior,Online,100000.0
548183.7595424599,531716.2565802794,602078.4095165429,Young,TV,100000.0
1741673.0385372431,842029.8145644949,143267.9654188001,Senior,Social Media,100000.0
1805812.9859313488,227282.22378866447,575601.419341833,Senior,Online,100000.0
563374.0875791239,452480.0990864009,36456.81865005584,Young,TV,100000.0
1205419.1580727873,284977.30310086557,41838.516087680764,Young,Online,100000.0
1100856.6536774174,242714.3450318987,624402.9362211806,Young,Print,100000.0
2881615.210693723,284964.2028962736,87314.01729059672,Young,Print,100000.0
2948587.7769984617,199287.80393929622,671918.4985367397,Adult,Online,100000.0
750762.9871562157,308125.18983396655,429158.6184839443,Senior,Print,100000.0
1772336.8416739074,615386.470327434,245797.53032751565,Adult,Social Media,100000.0
2984567.075773397,892950.3598788786,56910.27457370428,Young,Print,100000.0
2695442.7772551584,395421.1210215407,149.43185558662364,Adult,Print,100000.0
403818.0967515657,895014.4692281402,345185.44242951856,Young,Social Media,100000.0
2840431.7018764243,912462.650809102,295570.18696167157,Adult,TV,100000.0
152879.75436042546,944424.1820070697,211864.21221968575,Senior,Social Media,100000.0
376587.13764310745,78865.4776475376,602632.7713099326,Young,TV,100000.0
251055.99306287058,977805.0878658029,132516.25720678826,Adult,Social Media,100000.0
1113540.3308893996,640343.5494998603,84024.74763352421,Senior,TV,100000.0
1348725.6593457465,163801.90585204258,758062.1764461511,Adult,TV,100000.0
754627.5957519399,748582.9935837449,467593.12086003117,Young,TV,100000.0
131031.77723875959,26118.60508778807,129884.60666330077,Adult,TV,100000.0
1057145.8167863023,965840.4408044735,139431.57896670816,Adult,Print,100000.0
973939.6475879868,646011.1296946558,123729.29928202793,Young,TV,100000.0
547793.5002565706,615839.6466289236,759365.8511080625,Senior,TV,100000.0
1024251.2759847936,308350.8750600622,179393.6783389161,Senior,TV,100000.0
2232404.651568347,363046.00942781393,356481.4392025953,Senior,Print,100000.0
2970661.033634851,152924.9969180282,346409.81848363293,Adult,TV,100000.0
2312670.4256782434,695994.5635852198,229590.7178202591,Adult,Online,100000.0
1730646.7425180709,436775.9647562073,742874.0652569215,Senior,Social Media,100000.0
2778105.8256389047,427347.8646105662,336643.0817398935,Young,Print,100000.0
2168456.820098605,819731.7653825505,792680.794450336,Young,Online,100000.0
1241410.843722155,275076.63209226076,262612.4177134584,Young,Social Media,100000.0
1365661.6828562038,164552.81042089598,608065.5612241194,Young,Online,100000.0
278091.43508484657,450094.65662740835,334651.40771999315,Adult,Social Media,100000.0
628903.455988011,349067.93139171175,598047.815213173,Adult,Social Media,100000.0
592654.4587243767,700745.5280551716,532324.4300619819,Adult,Online,100000.0
2445105.1026563337,811942.15892938,794036.4804481023,Young,Social Media,100000.0
2927447.1917652003,624130.0095063196,790875.6459860759,Adult,Social Media,100000.0
2130321.9870034484,212885.8006722264,302571.89496496995,Senior,Online,100000.0
718238.4648740493,418637.43700604764,275038.1404748746,Young,Online,100000.0
2175972.706041989,300693.12645796896,792521.3700244097,Adult,Print,100000.0
1752831.2229705153,981684.5970133466,546857.1841054325,Senior,TV,100000.0
2970177.095279358,448328.32106341445,748261.9314287067,Senior,Print,100000.0
1874465.7084382006,139018.64862776236,300235.98204649496,Senior,TV,100000.0
725812.7642708077,919677.9773144249,474973.36730787635,Young,Social Media,100000.0
2813418.914522157,256417.26542708487,690796.193553214,Adult,Social Media,100000.0
221811.76292410766,544230.5374210314,27153.163282029345,Adult,Print,100000.0
787291.4683566096,442871.1699113397,754882.8179481257,Senior,TV,100000.0
2503334.0845304346,772435.0749137269,605177.3214017488,Adult,Print,100000.0
820966.5054197949,747897.4536789639,64744.124439533036,Senior,Social Media,100000.0
232689.35294657486,990659.2533158459,63700.49482361271,Senior,Social Media,100000.0
2777070.115779363,565413.3209827037,73050.57058060588,Young,Social Media,100000.0
2147201.230341082,729451.7885745467,566474.9084881591,Young,Online,100000.0
247461.44047111753,185219.4895252308,358247.64432928193,Senior,Social Media,100000.0
1669426.260385428,299650.4449191422,281324.0021440632,Senior,Print,100000.0
979736.3645507288,477236.54767170234,275848.87274022034,Young,TV,100000.0
2357039.586564448,33284.238058774674,651265.6432720447,Adult,Social Media,100000.0
714222.9430452421,795169.1676496869,306817.31025959476,Young,Print,100000.0
1079599.0733098257,852069.9033684506,651086.6928122336,Young,Online,100000.0
975954.4569445299,407707.52267268416,727702.4671138595,Young,Online,100000.0
2264989.8031583116,139774.28004168923,339865.25610976963,Young,TV,125048.76630444963
1171418.7566885573,988412.3111584084,218396.78818804334,Senior,Social Media,100000.0
2832837.6442430066,883763.964339107,72977.26500820127,Adult,Online,100000.0
260715.17813421044,167996.42583226858,681040.4634840551,Adult,TV,100000.0
1848426.7703548318,727423.8635692635,76613.07181245825,Adult,TV,100000.0
1212384.000731896,394157.2720215668,457826.20714311657,Senior,Online,100000.0
1214889.8951512869,748782.5087270247,45575.490643748926,Senior,Social Media,100000.0
1765197.6447400437,818020.2663274046,440194.494968493,Adult,Online,100000.0
1802156.7706226422,162703.7055224133,653439.2956583239,Senior,Print,100000.0
1171032.360020412,644414.6442356961,447955.30120276695,Adult,Social Media,100000.0
838308.9776953718,691100.1426431544,410015.3257937783,Senior,TV,100000.0
2764706.4348245403,215607.11302812118,662733.876259469,Young,Social Media,100000.0
1924653.4769843053,323733.12040751777,581828.8496648391,Young,Print,100000.0
924823.1237501857,236726.16707718265,273984.2231186542,Young,TV,100000.0
2641495.0381963546,676431.9917788688,261596.31128451703,Senior,Print,100000.0
848792.451196347,604871.8427555317,695395.5969201816,Senior,Social Media,100000.0
1195596.1661774854,508552.2628011401,83428.59447526169,Adult,TV,100000.0
869855.1119875766,407589.48134787875,581825.3336675551,Young,Social Media,100000.0
1693598.8125032613,340324.5442922047,695359.3255469939,Senior,Social Media,100000.0
479168.08875058993,824493.8745434819,316775.548588494,Senior,Print,100000.0
488460.9345359599,908624.2485616753,113756.34466380937,Young,Print,100000.0
2912900.7436190397,10400.53396102092,170042.37235119168,Adult,Social Media,100000.0
2630376.893251444,693815.1668546618,241527.4891191589,Adult,TV,100000.0
2862517.18437754,444068.47577562305,473170.8192244045,Senior,Social Media,100000.0
1945788.3995684653,695174.4442985263,642074.128703571,Young,Online,100000.0
854685.9970438653,464840.3313395106,679912.4087346531,Young,Print,100000.0
1530911.3323599065,351953.34734674986,522148.6628498822,Senior,Print,100000.0
2821175.3907477944,568642.811833749,388214.341020725,Adult,TV,100000.0
2685500.149535188,838719.7706074818,25161.08762846061,Young,Online,100000.0
795767.7271591914,212710.3117748641,220850.53907352083,Young,Online,100000.0
2065387.5337143948,901500.408276769,721853.1741446987,Senior,Print,100000.0
1523891.8408492266,332876.8499097107,552851.7360955239,Senior,TV,100000.0
1206009.5121076372,798898.227500124,64324.96502399543,Adult,Social Media,100000.0
2507449.4957664344,109766.40979681851,316580.38759421307,Young,Print,100000.0
2928417.346980007,389784.61607622117,168639.51809048583,Senior,Social Media,106931.41438808251
2722092.311514702,866164.534165022,679786.4591392035,Young,Print,100000.0
2647757.7593089705,884653.056221784,422056.3959967622,Adult,Online,100000.0
1747167.4772560282,653639.859568527,255592.39048409258,Young,Print,100000.0
2382894.2470651674,652461.4135212961,159971.2929330358,Adult,Social Media,100000.0
2851866.3336631795,53352.871522674424,339339.14180090296,Young,Online,100000.0
1624136.00882477,940829.6525166101,584033.9538227756,Senior,TV,100000.0
2577011.59425989,119233.90128247568,630868.1739475689,Adult,Print,100000.0
2755636.734700156,565926.3678759474,737942.5464541515,Adult,Online,100000.0
1690757.3409048975,715794.9143724225,391100.96763820364,Senior,TV,100000.0
1338715.3885410167,225879.86971079677,416342.4866194978,Senior,TV,100000.0
2892700.754268394,263414.4043754618,524259.96708636405,Senior,TV,100000.0
1436530.251901842,850450.1153689851,356932.11291762104,Senior,Online,100000.0
840357.7521988458,331069.0482157443,407194.9566528383,Adult,Online,100000.0
1021139.057634041,814374.6344393257,761414.9327153703,Young,Social Media,100000.0
138826.10541049627,685209.3667780878,527136.6762033344,Adult,TV,100000.0
1063537.8618569714,649361.86726356,181682.26517354834,Young,Social Media,100000.0
415825.2196010029,223821.35266107196,283723.056770398,Senior,Print,100000.0
1166583.6422783192,10121.328385495954,64710.73696287251,Senior,Social Media,100000.0
301947.5183430447,73658.3695283194,751643.5755650064,Senior,Social Media,100000.0
2838336.717011663,155998.77782045645,691034.9757483619,Young,Print,100000.0
2098790.4504253473,549240.2369328559,615019.932100609,Senior,Online,100000.0
627873.9416478816,29511.683276854827,447313.6977460606,Young,Online,100000.0
1579280.2220576485,556646.8391941594,390613.72852428147,Senior,Social Media,100000.0
1600993.8952416647,673616.2583635027,165487.52182794333,Senior,Social Media,100000.0
809030.4071739784,722598.3781688218,235356.54269915688,Adult,TV,100000.0
2562868.7868706468,963180.316571959,781006.2631123327,Young,TV,100000.0
1100381.4569474603,923171.3528926279,176525.47419908107,Senior,TV,100000.0
411122.23308735684,970175.9951836675,33488.711687900264,Senior,TV,100000.0
879190.2571661858,315467.3547600452,77143.73159827615,Adult,Social Media,100000.0
1241632.851183284,835133.3665292007,114898.34571693657,Young,Print,100000.0
144293.03134816582,268757.58614043,713522.4168122541,Senior,Social Media,100000.0
788318.044270146,907833.0115099319,776289.4510182362,Young,Social Media,100000.0
2785086.328506701,71885.94420837046,507969.46161821845,Senior,TV,100000.0
567645.6376117425,871707.7215867977,293924.645612463,Adult,TV,100000.0
365102.83836641285,888968.0330697565,436430.8171367521,Senior,Social Media,100000.0
717948.4767677478,414172.377896045,198873.72502103134,Adult,TV,100000.0
2883571.787039933,817510.7567418963,361961.08407838317,Senior,Social Media,100000.0
2602243.503770892,294503.9282385689,246620.63977542843,Young,Print,100000.0
1909123.867178587,900870.6798606308,606100.3434431062,Young,Online,100000.0
2587587.5288835103,287928.25901715545,670384.5728866865,Senior,TV,100000.0
2499195.803394378,324046.1449429419,720178.2000734581,Senior,Social Media,100000.0
2909635.0001490912,273306.83281231136,640788.9437124288,Senior,Online,100000.0
1072218.745446224,254937.1771633806,130350.55044937813,Young,TV,100000.0
2249962.7457872205,146762.20313177956,45057.314485890296,Young,Social Media,100000.0
1817224.5839761556,112985.63753853197,681801.2180618646,Senior,TV,100000.0
2243443.708069948,454603.09341011563,31551.981504741987,Young,Online,100000.0
860140.5065683848,282442.30029952014,129589.67304743733,Adult,Online,100000.0
2475543.1961226854,833947.9906845463,550896.3241136839,Adult,Print,100000.0
1592543.490061737,66356.734054692,515911.2463489309,Young,Social Media,100000.0
1578357.5109993091,117446.21394319988,538773.3496399496,Senior,Online,100000.0
2322983.158619501,983361.9420658959,238118.31482744621,Senior,Online,100000.0
532656.446928523,830469.7356330821,198303.7969229077,Young,TV,100000.0
1293411.4625313873,884106.3559866482,19746.604837836214,Adult,Social Media,100000.0
369201.7717602691,923495.5691815935,450949.7870094953,Adult,Online,100000.0
891701.5689717825,565146.7782861709,12356.570209395823,Young,TV,100000.0
1812409.9446689505,208566.15252515543,137601.55677943694,Senior,Social Media,100000.0
444832.0260522304,660655.8859045744,604240.1931288266,Adult,Social Media,100000.0
929704.5595503785,851820.8982183723,492959.5219209284,Senior,Social Media,100000.0
2822134.2191631375,820955.735779964,239362.76652411904,Young,Print,100000.0
2579673.0868135667,215668.81614867717,448318.7707014599,Senior,Social Media,116943.87839954699
780533.5852569357,288492.63776746,415064.17654266406,Young,Social Media,100000.0
1471818.5245707908,424482.0068130034,523976.895060985,Adult,Online,100000.0
1572535.8220842928,654946.7813843791,158248.40361233833,Senior,Print,100000.0
413568.2080377305,548278.0976358509,669891.1056987909,Senior,Social Media,100000.0
2802817.262961874,115800.46233848961,192492.90686607256,Adult,Social Media,100000.0
698080.3448989312,666707.6965226328,604779.6114433752,Senior,Social Media,100000.0
2283030.062624291,658135.8498843305,212539.00787101028,Young,TV,100000.0
2058957.5137170777,633032.6046060553,646896.9865450244,Young,Online,100000.0
2738259.982917082,674204.3211019479,1599.6254983531521,Adult,TV,100000.0
2825423.9156465316,276602.73325297935,388023.03935722075,Adult,Social Media,100000.0
1354523.9191453396,231511.410438203,712293.9367282181,Young,Print,100000.0
2874780.7251225957,305725.32328162936,422643.4482889816,Young,Social Media,100000.0
2677012.9090584144,492873.0225297737,197009.74584777287,Adult,Online,100000.0
1329516.8002798958,742087.8552471698,281584.25998465094,Young,Social Media,100000.0
1769663.6141941573,851398.6419332904,483437.09996164625,Adult,Social Media,100000.0
1082791.3184763663,42500.09224720464,730555.8997623473,Adult,Social Media,100000.0
773365.2593406566,302907.21304603294,129957.44743053414,Young,Online,100000.0
541755.3476648016,676469.5186761302,196483.12960306954,Adult,Online,100000.0
1501388.4624965605,418717.59293918463,445786.8825638436,Adult,Print,100000.0
483259.36794040335,750303.223041353,796927.4896134197,Young,Print,100000.0
430685.1481990391,488591.18708198646,543158.9978061884,Young,Print,100000.0
195543.51724672935,945107.7602576186,756438.1784422165,Senior,Print,100000.0
956018.3750124086,843760.8233354072,532972.1448120422,Adult,Print,100000.0
1419633.483592414,588690.5741718333,214383.67829892115,Young,TV,100000.0
1016905.382334678,563197.8988851247,215947.90734657447,Young,Print,100000.0
2178547.2615780225,995485.5201494657,652005.0652369476,Young,TV,100000.0
2893311.5154352873,330555.87535678275,113730.35305772925,Young,Social Media,100000.0
1022290.4618181639,837314.613974121,89037.78221383778,Young,Social Media,100000.0
228545.7236130287,962168.9147487822,102998.34899929703,Adult,Print,100000.0
2216501.5252179196,849608.7475445643,114011.67015762228,Adult,Online,100000.0
1764730.5864022984,803473.1941209694,96609.73762128818,Adult,Social Media,100000.0
2249084.883263671,616942.9317319151,798288.3829820114,Adult,Online,100000.0
1735585.4996894759,262857.65700856433,565912.2274356176,Adult,Social Media,100000.0
1823907.5994727015,41820.86297038856,419720.2677042922,Young,Online,100000.0
1783908.9873526997,477369.88767081645,295919.1443548017,Adult,Online,100000.0
2499903.432617321,292408.7313918768,750467.4691629177,Adult,Online,100000.0
926662.7041292473,654145.5287665812,71675.14837587561,Young,Social Media,100000.0
265680.82337162766,182245.06874939438,180768.75737541344,Senior,Social Media,100000.0
1483670.9150066683,241820.8330584516,754428.5702127634,Adult,Social Media,100000.0
621539.3468133982,557671.5847142473,345088.0039537791,Adult,Social Media,100000.0
2029321.7164974776,710821.1796398169,622958.0134554725,Young,TV,100000.0
2057711.4171944181,721802.0753157698,141045.77750345532,Senior,TV,100000.0
114608.45095968929,605655.1011686221,753310.9078096135,Adult,Social Media,100000.0
2214889.678191567,859248.233435362,439780.3898584765,Young,Social Media,100000.0
2993853.4598769136,90755.49191811804,240742.6779555232,Senior,Online,100000.0
2901407.8472905243,331971.1692274784,638415.9120005005,Senior,Print,100000.0
2644806.5251036575,273098.89951763145,284863.5872903094,Senior,Social Media,100000.0
809756.4035880908,318305.7774805025,649078.8969368872,Young,TV,100000.0
2408871.7232070253,576007.7418956264,783325.915010781,Senior,Online,100000.0
1276836.8544624995,340325.3009040608,250841.71375101327,Senior,TV,100000.0
1077380.0359348198,109092.11362058514,173678.5715693973,Adult,Online,100000.0
1616406.5424213475,236614.28219206925,72937.9954404612,Senior,TV,100000.0
2618132.1527545345,491915.9686488651,499704.1758636605,Young,Online,100000.0
708898.9621032027,39626.58372505923,690021.7491127689,Senior,Online,100000.0
1945113.0139793607,941120.7667243636,93625.34932760926,Young,TV,100000.0
1974759.8484873858,991822.4662622592,529681.8572497766,Adult,Online,100000.0
634947.5970909765,590354.7333853454,553118.8929867086,Adult,Print,100000.0
720655.2030067676,485835.4804602184,761741.9172106221,Adult,Online,100000.0
1175532.3222280212,901703.3806995889,329996.39365956385,Young,Online,100000.0
598207.235252499,987079.6973595263,582144.3586396497,Young,Print,100000.0
2787621.6385629848,721644.2197473181,460811.486354533,Young,Online,100000.0
436724.95655925316,373399.2633998182,457516.26003488083,Adult,Print,100000.0
1211101.4384251987,18556.351128537484,627650.1321256425,Young,Social Media,100000.0
327597.5442073158,695778.1321517436,602981.9876261036,Senior,TV,100000.0
2003285.4982479874,193082.80377786158,400595.5882218391,Senior,TV,100000.0
2114133.699045752,267418.62385746086,139940.75662576026,Senior,Print,100000.0
2471451.8402079702,827689.9311416144,237544.64161301617,Young,Print,100000.0
2702071.038629415,136059.81770219456,566949.5981993728,Senior,Online,100000.0
1154980.9355263794,537674.2250354284,672568.5247857329,Young,Print,100000.0
1816185.24044738,362322.1538652054,210302.42192703224,Young,TV,100000.0
1138441.9042138266,340179.4977416743,566524.6673662735,Senior,TV,100000.0
2243639.818220931,938365.2755561173,560364.2226275803,Adult,Print,100000.0
1354186.3932404597,302408.5476859395,139442.8314754223,Adult,Online,100000.0
694311.1180653317,980340.9314602399,249802.8251791248,Young,Print,100000.0
1452462.2850428917,489334.89320760424,300266.40797225223,Young,Online,100000.0
2305347.547509194,761532.6750245484,623817.669420894,Young,Social Media,100000.0
2129221.2559310724,11900.758090461872,688783.077957815,Young,TV,100000.0
873475.0583628066,343285.109927003,200160.71216217268,Young,TV,100000.0
1210224.8456174424,467804.2221619384,11564.176203685061,Young,Online,100000.0
1105224.6156141812,495041.62274392205,109680.39264087458,Adult,Print,100000.0
2953658.742735804,355862.50419787614,528486.0902420756,Adult,Online,100000.0
311028.2092394129,939576.7678912152,101933.32351118336,Adult,Print,100000.0
2664808.4578197305,610678.925457607,255362.14434750538,Senior,Print,100000.0
1013805.7537645758,773312.1650976765,66946.81910742001,Adult,Print,100000.0
2570222.023662373,691591.6860920916,556565.3439816977,Young,Online,100000.0
1846207.5926724877,728052.8734580668,746689.544411431,Senior,Social Media,100000.0
2864980.46119092,348586.980118005,582374.8808391411,Young,Online,100000.0
582874.9004028116,30920.64489606916,185052.90710232218,Young,Print,100000.0
1456594.2930492274,392696.8887688531,612360.4358275281,Adult,Social Media,100000.0
114192.54606389505,361874.6461011465,504006.4939468332,Young,Social Media,100000.0
2874341.680553586,687863.9077301003,399069.84183132445,Senior,Social Media,100000.0
1663698.9721623596,417979.4848729648,9242.985501544965,Young,Print,100000.0
255014.4795214363,371980.7474906276,428464.227124464,Adult,Print,100000.0
1002684.7166877047,91873.14623440712,685505.4579851434,Adult,TV,100000.0
1251131.8804342127,122015.69577330696,785837.2549894932,Young,Social Media,100000.0
2547781.133469577,633484.9058137519,288265.3253363839,Senior,TV,100000.0
470726.9120070544,508288.6727744388,764535.1578446373,Young,Social Media,100000.0
2775295.97894499,674326.5914069518,146792.96477190248,Senior,TV,100000.0
2974589.4043203173,745234.881452385,198704.5143020298,Adult,Online,100000.0
1293457.0257476147,617874.4384479328,443056.50719956367,Young,TV,119128.73064639015
2355701.8219355545,943231.8918427614,497597.84063247085,Young,Print,100000.0
2038959.0350402817,806072.7894408093,589055.6693189197,Senior,TV,100000.0
1881199.877512309,272474.65537954617,464964.5197074321,Young,Print,100000.0
1399836.7623473485,925441.7312210074,445842.6506648081,Senior,Print,100000.0
1954242.326211507,943740.8322737627,725381.1858328963,Adult,Social Media,100000.0
1402714.2755965805,57069.85873777981,121506.80055435546,Young,Print,100000.0
2517931.7270029825,437762.87982407544,163980.68186716942,Senior,TV,100000.0
1366703.8412169807,108122.98843543266,708374.9247961495,Senior,Social Media,100000.0
1135751.6055311237,614045.5719586115,295599.5768401293,Young,TV,100000.0
818957.0235178329,634725.545302672,429705.6518923843,Young,Online,100000.0
1870418.4447788065,875388.2688792845,796827.7726276863,Adult,Print,100000.0
981792.6121852866,255151.86347315245,349729.09930036275,Adult,TV,100000.0
821138.1197169482,434858.16481683427,519590.68464804685,Adult,Online,100000.0
1625399.9418681199,824295.9449693966,712301.7285180076,Young,TV,100000.0
2536442.586165147,744927.2467157387,15081.637445159578,Young,TV,100000.0
365232.00773947925,448241.5902876503,439729.31017115514,Adult,Social Media,100000.0
189212.6788953641,541742.833429915,694519.5126576772,Young,Print,100000.0
2702495.6938137794,268477.56109839136,195179.44269539687,Young,Print,100000.0
2652532.1856995802,116418.02789605038,309794.65848151647,Young,Online,100000.0
1077700.623025449,919578.4066721103,58396.78914183057,Senior,Print,100000.0
1232638.5115714616,120086.06962139034,102476.76704175949,Senior,Social Media,100000.0
2448246.524056719,524873.1083048471,668492.1986722123,Adult,Social Media,100000.0
1472153.9586857504,435373.67375505285,273802.8594223368,Young,Print,100000.0
2355502.2970534544,610975.869052687,523505.17139665794,Senior,Online,100000.0
746668.5285443036,277766.7915430358,55316.821006876,Adult,TV,100000.0
306087.68585176533,226121.72838316878,128496.74854188722,Young,Print,100000.0
2943020.769819565,809262.535290765,659620.076606345,Senior,TV,100000.0
433904.63104038005,821376.2067758573,512031.99642196414,Senior,Print,100000.0
238443.02164790826,733337.1420216591,197593.16367254654,Adult,Social Media,100000.0
366075.75285010954,269625.11681198067,648855.6110229508,Adult,Print,100000.0
1484044.6140364527,76751.7673941539,705745.2918897631,Young,Social Media,100000.0
2895585.6260756636,941722.0350757376,564291.7733929589,Senior,TV,100000.0
2832786.0468794215,246735.11371557144,397306.57897659787,Young,TV,100000.0
597788.4693106819,513820.39954359224,548888.4955420572,Young,Print,100000.0
2304507.866663291,594469.064046931,717804.4518448941,Young,TV,100000.0
1538990.7395507023,433241.0997370347,692881.7870917161,Senior,Social Media,100000.0
677455.6099828508,45817.08915707172,598127.1172705486,Adult,TV,100000.0
2942083.7738505923,204799.03905045582,400306.83216954506,Adult,Social Media,100000.0
776846.5136771804,462356.77862273075,433321.7708642369,Adult,TV,100000.0
254279.11477169849,117512.71682313025,272774.12376701646,Senior,Social Media,100000.0
1592865.1213455186,955906.6399446042,322370.6217498123,Young,Print,100000.0
2912268.013615451,57496.52050067211,755239.1176544537,Adult,TV,100000.0
368294.5539658916,747198.8118548644,453015.8687941647,Young,Social Media,100000.0
830105.8409530056,603327.0088695973,294696.0930109346,Young,TV,100000.0
1608503.2451611573,510677.03946639685,506075.7162888633,Adult,Print,100000.0
2497942.2928611953,316779.64735927345,467852.5043082739,Young,Online,100000.0
2372010.6932772934,471262.1716664569,441117.73318741674,Senior,TV,100000.0
356353.4405969784,575205.1897423875,27176.981702468427,Young,Online,100000.0
2171459.182984663,246908.56916042548,434141.70701390214,Young,Print,100000.0
469751.9191696517,835981.1347852506,567616.0475271491,Adult,TV,100000.0
2986982.0057122163,6569.282113285668,408665.3267374303,Young,TV,100000.0
2631067.447015852,246593.76935379417,360665.08715986554,Senior,TV,100000.0
550678.084819278,244496.7381935439,743268.1222050446,Young,Online,100000.0
1973986.6777509246,830763.5309386817,533248.1429507766,Young,Social Media,100000.0
2506562.831211127,593195.0181170882,522394.64195820974,Young,Print,100000.0
1975393.8245470566,450505.853455063,364710.61013495625,Adult,Print,100000.0
1028891.8396054393,298647.18482836086,431515.00877570576,Adult,Social Media,100000.0
2952292.0249821832,826489.989784474,711380.0958395574,Adult,TV,100000.0
103368.29442527796,686659.6325762343,607668.8937025741,Senior,Social Media,100000.0
2298730.3271570164,934737.1325732372,528492.6139700104,Adult,Online,100000.0
2040660.595155121,179868.98085393387,654530.9262018322,Adult,Print,100000.0
251350.17822943162,485304.39733723976,389390.9503031024,Young,Print,100000.0
2263669.278372946,726568.5256821006,242980.99851274007,Young,Print,101483.76988921632
1045647.5231307016,496643.7242142187,303906.51481785864,Adult,Print,100000.0
1826402.2758542714,249164.87589358795,159246.01182784236,Adult,Print,100000.0
2992105.5703300955,620828.1388890325,131816.02807097032,Senior,Online,105359.71836929649
1672655.354353092,568325.9616095115,132522.43182172903,Senior,Online,100000.0
1607704.3108943258,901503.1329934634,635506.3085973884,Senior,Social Media,100000.0
2182635.992868321,902706.0752633957,171164.79774261126,Adult,Social Media,100000.0
2699651.877587459,878480.429079341,383861.16664162657,Adult,Social Media,100000.0
1718075.846242561,804346.9410140173,352284.8094371353,Young,Print,100000.0
760914.2955464515,432088.8842168638,149554.03356223894,Young,Social Media,100000.0
832276.0973123489,537853.9808283863,342831.05765132554,Young,TV,100000.0
1504663.764790127,397638.8151818966,701275.5653732918,Adult,Social Media,100000.0
150888.1044689925,811822.5376282209,371879.3834864784,Young,Online,100000.0
231380.0973000948,117995.43874255936,615762.3462872809,Senior,Print,100000.0
2064300.135583164,414313.2280893765,748125.3230018432,Young,Social Media,100000.0
2846411.5215997617,675595.4012790306,171638.3935705613,Senior,Print,100000.0
1140000.2011591252,378403.9153296513,773160.2984722287,Young,Print,100000.0
153435.82426013547,830555.7494139499,395581.9030304957,Senior,TV,100000.0
1342517.5070801273,345676.9117946284,534301.7930272555,Adult,Print,100000.0
2596174.470571329,466833.6398213176,176614.130092546,Senior,Online,100000.0
2085721.742459096,949115.2090794015,149279.40827878608,Senior,Social Media,100000.0
577392.2006049776,971744.0082562289,208521.2202434943,Young,Print,100000.0
2218171.476778021,574531.9834070043,538168.7574274417,Adult,Print,100000.0
2370912.410953669,526220.369150238,761531.5225757102,Adult,Online,100000.0
222605.902562103,476937.2435936927,59410.00025777798,Senior,TV,100000.0
2587643.210711212,470399.6207764526,592295.598517247,Senior,Social Media,100000.0
2811856.780067839,389672.3690511179,305954.1871722133,Senior,TV,100000.0
482854.5617872085,163639.33613911195,144308.74388975906,Young,Print,100000.0
974614.2095400481,349114.355725624,337255.0768123702,Young,Social Media,100000.0
1080933.1589725302,679077.4796331315,322554.8421669817,Senior,TV,100000.0
960844.6236330858,20192.24522748564,235237.84884169485,Adult,Social Media,100000.0
2505155.235545631,587013.7004175471,445127.7582905913,Young,Online,100000.0
438239.16241438955,472670.7760169096,798299.5054266338,Young,TV,100000.0
1720594.8881761238,827221.6305972826,374558.78098867234,Adult,Print,100000.0
1484324.9729517505,142256.4604483648,411865.56162654655,Adult,Social Media,100000.0
2480851.5667021037,599017.1960837586,595345.2363784666,Senior,TV,100000.0
537396.4262135068,745252.1627651417,563345.4055494905,Young,Print,100000.0
448782.7583800896,687981.1130446326,785128.9421785362,Adult,Online,100000.0
2633503.062744608,605451.4717599595,189704.5384107808,Senior,Online,100000.0
2177877.470508195,824400.949882933,571459.7271928905,Senior,Print,100000.0
1214442.6529905729,677096.4172339041,12147.03840672131,Adult,TV,100000.0
1426221.207972375,804748.9318975869,352869.64036365756,Young,Online,100000.0
1909410.5970671142,965434.9459484406,317478.06136626087,Young,Print,100000.0
521812.0022957927,27195.71409135524,645353.7383489138,Young,Social Media,100000.0
1129441.8468444273,218913.26967291013,6918.255798144468,Adult,Social Media,100000.0
2759160.7568540163,112497.09450980849,49006.260764672494,Adult,Social Media,100000.0
1122467.3089367372,379327.92150334717,575595.0558178877,Senior,Social Media,100000.0
2384507.244234533,363991.3486606798,364126.13627691346,Senior,TV,100000.0
1117781.523188945,755446.1195043101,32474.91023284699,Senior,Print,100000.0
1926721.3387944007,688790.788499127,253522.2069491291,Young,Online,100000.0
1234314.0576515668,859543.3929975262,397486.871419821,Young,Social Media,100000.0
1979836.9274670898,468079.30010804656,664381.8434581348,Senior,Social Media,100000.0
1306512.0000949295,482517.83319912123,404387.1669188519,Young,TV,100000.0
1549970.9670455612,561297.1336237752,40562.21083386591,Young,Print,100000.0
2187798.1610630834,242889.83888174043,761584.772075424,Adult,TV,100000.0
2119745.882018271,26894.004674430038,35195.679161193635,Senior,Print,100000.0
297961.7963910231,710085.5602362638,327639.84242907586,Young,Social Media,100000.0
2317795.3994231736,379797.2865240625,651290.7351199244,Senior,Online,100000.0
1762351.6329678756,971667.0295853596,276768.31356502057,Young,TV,100000.0
1265901.89229907,323432.65443822887,14286.590505477026,Senior,Print,100000.0
905296.2106042118,180126.04884252916,476793.38702794636,Young,Social Media,100000.0
1212620.997204555,400069.6398116513,340406.6040611144,Adult,Print,100000.0
1964940.2660258969,914256.0220988464,472421.6393152073,Young,Online,100000.0
2775200.5923321047,599677.3868758692,760139.5125896438,Adult,TV,100000.0
2360569.4566324092,905471.0583660832,489680.1469882112,Senior,TV,100000.0
242211.83614592702,518227.8099998272,257155.46237538228,Adult,Social Media,100000.0
1849558.4736814147,134228.94012706476,629915.7558547729,Senior,Online,100000.0
2154776.4151977766,682085.9950952621,185672.9139167941,Young,TV,100000.0
565459.2760859558,134573.83805378943,784063.6154787597,Young,Social Media,100000.0
1481583.8784464109,348486.9671161336,393481.22647620656,Senior,Social Media,100000.0
629917.4057134633,969632.9624237005,622181.484786865,Young,TV,100000.0
461894.26800857804,139860.32871082288,672171.0482501134,Adult,Online,100000.0
503397.3043848074,541075.6885635897,463403.2900144699,Adult,Print,100000.0
2371188.5568290916,713750.5138438218,557671.8310893102,Adult,Online,100000.0
1460795.0794468436,76900.53656703411,441009.013077179,Senior,TV,100000.0
2501558.7895629294,13900.46558191449,636112.3643712141,Adult,Print,100000.0
1700388.034012804,371014.8097523169,283065.99418712757,Young,Social Media,133192.4167089821
276765.6839594546,592086.0883354717,181325.142721579,Adult,Social Media,100000.0
2337779.7890491276,12487.4690996587,20785.700112210838,Senior,TV,100000.0
930962.5682385715,36276.49412199718,786689.8365170317,Senior,TV,100000.0
1420982.6485160294,589303.2470360462,422894.1122844449,Senior,Print,100000.0
764907.5570405524,833541.0546947934,135111.30883883516,Adult,Print,100000.0
1851167.1768368825,426465.8210542172,195716.9982923683,Senior,Online,100000.0
2872990.7373707723,722771.7744103243,785561.7003359174,Young,Social Media,100000.0
275462.0352050499,258452.91496023248,597259.4974377664,Young,TV,100000.0
2935029.1112282607,963957.2195838091,39445.5640396588,Young,Social Media,100000.0
2155849.7603437062,346092.36824578093,639898.4834866087,Adult,Social Media,100000.0
1271138.932388366,648745.9041000882,244759.8151450329,Senior,Print,100000.0
1151758.0776173223,961987.1823863647,82993.9028962552,Adult,TV,100000.0
1506953.1707250862,136964.8013343948,66418.97684177049,Young,Online,100000.0
2497343.1466038963,575293.2843306971,345039.28300823306,Adult,Print,100000.0
2233103.473244714,251683.9468018869,194.06515551940728,Senior,Social Media,100000.0
2343123.965047216,993791.5101235689,195017.99781900368,Young,Online,100000.0
2565317.358010637,526501.7749483672,60604.9524085158,Adult,Social Media,100000.0
1100586.0248916864,830418.6073973308,580478.0752544685,Young,Social Media,100000.0
832894.7739952597,462150.80553214217,625320.2142720338,Senior,Online,100000.0
719891.4858024541,173947.4821482786,400524.5343733832,Young,TV,100000.0
2403978.2499306505,23042.047329187022,434976.4526510624,Adult,Print,100000.0
924955.7119456325,472340.66885703674,618501.9946301238,Adult,Online,100000.0
2662013.6431818493,468936.08442768274,784832.446800455,Young,TV,100000.0
636322.8325872797,365264.4219404395,516175.0635440422,Adult,Online,100000.0
1214177.4958568094,764531.9393205092,180287.08130877034,Adult,Social Media,100000.0
794285.6223569196,287728.97633915785,252484.8605179419,Adult,Social Media,102184.37979287797
128932.84305020957,245491.4349975208,469281.64440956153,Young,Online,100000.0
2408126.8130769995,406800.6142304027,230802.6721536682,Young,Print,100000.0
2585402.795883869,757390.9228800554,411274.6868098227,Young,TV,100000.0
1572719.1442750206,855692.6752016093,579001.5708671563,Senior,TV,104264.08955851848
1950714.8549865682,90818.23489979946,229060.5516914365,Senior,TV,100000.0
1164297.1128021944,869132.3199011616,601202.2186118528,Senior,Print,100000.0
496183.47878930334,720700.044120342,167018.6423553396,Adult,Print,100000.0
667056.8554756762,737763.966078346,396289.6226633605,Adult,TV,100000.0
1246579.2648228025,668510.7889832444,84880.05506547749,Adult,Print,100000.0
1016030.0556131755,419868.5587142726,543350.66660925,Adult,Online,100000.0
1882074.328268914,654107.6383279051,373552.4294453283,Adult,Social Media,100000.0
1996835.3147721374,37415.74931961456,126660.23965293114,Senior,TV,100000.0
1466032.022585219,211952.98464137435,791544.597335854,Senior,TV,107354.49103474057
1471756.4568043393,889033.214083376,314068.5243775342,Young,Print,100000.0
1216202.1204549808,404385.0989385562,573122.2910409409,Senior,Print,100000.0
2729875.877532447,783242.5184348958,235949.0682971294,Adult,Print,100000.0
1014058.2203210848,895611.0598562983,613746.8254475659,Young,Print,100000.0
995822.2157336852,472918.2503072937,171704.4777266464,Senior,Print,100000.0
1315223.1896975038,886966.386881,82811.119432054,Adult,TV,100000.0
1457191.3975661695,73842.52037728511,273434.7748470068,Young,Online,100000.0
1209758.7284025669,279727.9775372206,702807.178601967,Senior,Online,100000.0
2694060.6387254833,768318.8868028017,376035.67252488795,Adult,Print,100000.0
408212.37050396606,781959.4982456397,439992.07069578895,Senior,TV,100000.0
1113673.8723051527,268807.35007618926,355581.0898540538,Senior,Social Media,100000.0
2981442.7249343633,922811.5195166742,351435.82071741536,Young,Print,100000.0
1274860.247118206,904987.8071593909,283779.34496936074,Adult,TV,100000.0
2292672.366765362,385726.59507093485,521706.39771400695,Young,Social Media,100000.0
1663663.6142036438,226567.6675988423,489820.06539843074,Young,Print,100000.0
701940.2991863291,629719.7854777973,516639.86012930615,Adult,TV,100000.0
542063.7971092545,306692.88978590415,36732.62340260406,Senior,Social Media,100000.0
836393.79429769,77880.43810361989,343190.1167808227,Young,TV,100000.0
1839598.8252013028,773477.6015081446,23437.63852624461,Young,Online,100000.0
1932579.1213412934,906581.5879480436,502176.44102233124,Senior,TV,100000.0
2587871.343806335,329412.6230694303,651658.8644082109,Adult,Social Media,100000.0
154366.2196675093,83982.0772906339,350406.95456678845,Senior,Print,100000.0
1371176.6725412926,147397.484128281,71806.82722561622,Young,Social Media,100000.0
1826464.4966598644,680624.4831007154,229623.45594027996,Young,Print,100000.0
638569.1891031693,618080.769741344,533689.069036151,Adult,Print,100000.0
100823.51213333361,454414.3556252589,531779.2046486266,Senior,Online,100000.0
1300196.9208710946,758958.5185206239,649711.6435930821,Senior,Print,100000.0
2249814.457536685,923236.1738700782,666764.3810472592,Young,Social Media,100000.0
2869824.827119181,810740.8871540917,403822.7621720489,Senior,TV,100000.0
2913390.017919425,381071.9898020257,71158.97215620696,Senior,Social Media,100000.0
923816.9440075874,305923.99366365984,476465.45238960034,Young,Print,100000.0
2836994.3901104536,357356.9382857924,469209.78041577264,Adult,Social Media,100000.0
292578.9324984491,87577.55748180518,92564.34610159135,Adult,Print,100000.0
1173276.2709558082,805707.9304734328,34993.5166426846,Senior,Online,100000.0
602808.8135946043,603398.7793765176,568493.9514357157,Adult,TV,100000.0
2006959.809077639,441193.29890502343,59750.87708475222,Senior,TV,100000.0
2572755.521387922,556795.474411571,425488.59715850843,Young,TV,100000.0
2597097.2318925434,46441.185312986134,73676.71823867087,Senior,Online,100000.0
1236717.2546399604,431679.2490908729,64455.61887191973,Young,Online,100000.0
2747081.7339939093,398404.5491159675,40775.99154216341,Young,TV,100000.0
2438698.6401844006,491991.75645159354,360572.22973971535,Adult,Social Media,100000.0
2790666.6664817603,696497.6898191012,732914.1100810387,Young,TV,100000.0
2482787.340720621,403934.29239259305,142956.02648960298,Senior,Online,100000.0
2938583.4863898247,780654.2404984264,496374.35288924817,Adult,Online,100000.0
468752.60623701406,652176.0701532167,146146.3878082542,Young,Social Media,100000.0
2276780.067822907,644260.2429861319,749760.6163179488,Senior,Print,100000.0
621241.6561304317,453592.3601252282,521224.4409304204,Adult,Social Media,100000.0
321717.99667030363,451458.6453402152,578307.2649902811,Senior,Online,100000.0
2753835.390665715,226295.1322944473,732692.4560205996,Senior,Print,100000.0
609403.092010272,135579.07624587696,394270.54520166456,Young,Print,100000.0
118795.1559845462,68324.51086434833,679677.9712461261,Senior,Social Media,100000.0
1037974.228737305,59478.56058071643,343153.87275480625,Adult,TV,100000.0
2836000.9391998886,495177.03888854024,155028.96582098975,Young,TV,101191.59869689945
1728290.301745446,74124.45945351542,715324.502990616,Senior,Print,100000.0
2173204.5503062108,364331.4453629147,718987.8382449998,Senior,TV,100000.0
399884.2261379235,160285.2411378054,272431.2846614178,Young,Social Media,100000.0
1015029.0661734106,767040.3615728585,231820.83157484693,Adult,TV,100000.0
2050838.8683128469,31618.365823789187,467562.4740932067,Young,TV,100000.0
2413127.670941641,401906.25529908185,363131.8566778983,Adult,Online,112566.19424867239
1996622.1090753493,16551.620452310177,109468.76206897871,Adult,Print,100000.0
2480449.1828457657,233764.5774186864,419224.5581266688,Adult,Social Media,100000.0
381396.8499851478,941072.4338449993,708281.1274708691,Young,Print,100000.0
2440981.882605176,518935.77384090686,379997.98593925184,Young,Social Media,100000.0
354933.5948346736,644493.1341470855,137631.0249101696,Young,Online,100000.0
735805.9628939418,409926.0265414233,227778.32645706707,Adult,Print,100000.0
2353486.751465115,612432.7849001337,203611.70639483994,Young,TV,100000.0
2871780.196810203,128021.80512875383,201420.91033852464,Adult,Print,100000.0
2002215.8736999638,768619.4589217404,370760.6679771411,Young,Print,100000.0
2224264.1994375177,646954.0532231875,87961.81084999803,Senior,Print,100000.0
464058.7373808317,233511.57928024614,619641.7618784558,Senior,TV,100000.0
2061012.4815877776,120278.89652484503,384617.0158095811,Adult,TV,100000.0
2123040.251152212,959449.6123966845,194607.9937255149,Adult,Print,100000.0
556358.3819947918,584311.7516295052,3370.941273391015,Adult,Online,100000.0
1312996.3920611632,902409.3999211949,459469.6351324399,Senior,TV,100000.0
1313242.913554521,770639.2424503947,433808.1915224624,Senior,Social Media,100000.0
1493406.9743339594,147842.33750364417,699416.4963965548,Young,Social Media,100000.0
1251690.471714183,545700.6243427796,246521.11760840975,Senior,Print,100000.0
2742002.5459115044,24317.871680183624,759577.1715828325,Adult,Print,100000.0
2187507.2293697502,983285.9078971455,172266.9150879125,Adult,Online,100000.0
2516170.678625037,588141.0874906254,725688.2370758993,Adult,TV,100000.0
2671026.6398558626,367202.786264592,479339.6609752998,Young,Online,100000.0
1919088.787743333,525486.3188012377,220621.06284737456,Senior,TV,100000.0
572329.333252152,846354.7378586243,642516.8434820183,Senior,TV,100000.0
667087.1954488389,406212.11736042093,727553.4247198851,Young,Social Media,100000.0
2857104.404514436,275319.17154849914,362350.4443600215,Adult,TV,100000.0
2933395.349395165,428350.0150120737,418767.417244214,Senior,Print,100000.0
1466055.172476978,387724.62545444886,42091.31223499165,Adult,TV,100000.0
1991496.4558982402,958127.0241385642,561539.7122812732,Young,TV,100000.0
1734447.020718106,248553.02809652025,725236.6783948431,Young,TV,100000.0
1915050.6836167655,8599.931176048181,498349.39760551095,Young,Social Media,100000.0
1752564.7678115373,487862.2472660502,360794.7992857886,Young,Print,100000.0
580079.3828678809,45100.46172221982,25080.90030749024,Senior,Online,100000.0
2750764.900358513,235283.55097639098,49876.7314143552,Adult,TV,100000.0
2157777.061066388,253553.66493372244,249020.74287159738,Adult,Social Media,100000.0
1399468.0069213756,154455.72952318343,492645.2705764852,Senior,Social Media,100000.0
2678050.8352368707,250836.3272618721,194307.1227058274,Senior,Print,100000.0
820936.6561370621,882508.1309509787,308622.24520312785,Young,Social Media,100000.0
1527196.4391378423,373337.63980821864,109380.77981948142,Adult,TV,100000.0
102167.69524626559,692002.0109795614,551359.3185267878,Adult,Online,111870.10521192203
1713502.744384759,950698.5201373074,209645.5432648277,Senior,Social Media,100000.0
1549172.897349665,633194.2948964823,67803.27323544117,Young,TV,100000.0
2297223.3186943578,918353.0864052349,672128.7775164712,Senior,Social Media,100000.0
386632.01385099615,294021.3379502994,571917.7076403851,Young,Social Media,100000.0
660309.0704136224,189822.5559720178,277923.05378933024,Young,Online,100000.0
178876.99225016357,887868.4543070149,87767.1339081168,Young,Social Media,100000.0
342600.9897741649,32109.866117684738,546534.8259170674,Young,Social Media,100000.0
412007.92736267514,218146.76383561039,297858.07011578715,Young,Print,100000.0
2741999.7277345373,775825.19027528,781306.6005502162,Senior,TV,100000.0
1486985.479892631,658749.5587241756,439317.5233652711,Adult,Social Media,100000.0
1401146.0589771525,440093.0729564203,526900.1975405207,Senior,TV,100000.0
275703.3878775358,513993.7618956769,127948.21459954412,Adult,Online,100000.0
2068608.4001084575,304607.70683149516,516304.6363830622,Adult,Social Media,100000.0
2148189.6486224746,775659.0302076804,351178.299702396,Adult,Online,100000.0
2684325.2728635934,550725.6034858719,116120.65665118143,Senior,Online,100000.0
404538.5441842095,613169.0040572196,235100.25400965285,Young,TV,100000.0
1583160.0831384433,430688.9930280211,49691.249762021085,Adult,Print,100000.0
1821707.9580309528,663161.4808301269,401200.96185486205,Young,TV,100000.0
934782.0808470227,84386.26648496061,475384.4277694533,Young,Social Media,100000.0
2464792.139937243,886377.2188543559,468901.42401499586,Young,Social Media,100000.0
1710703.982975388,34931.98420874743,637634.8137154323,Adult,Online,100000.0
2587961.315837172,270154.02361186966,491238.21733754314,Adult,Online,100000.0
2962675.764120727,680813.8950620877,299967.0938003904,Young,Online,100000.0
463619.5640716389,866428.4612242955,395887.49283350265,Young,Print,100000.0
1427558.5159901232,505288.4605373983,365358.41210307815,Adult,TV,100000.0
438907.95514191163,248831.3016767685,146124.23668481308,Young,Online,100000.0
2960754.838653507,544023.1567368298,195462.93040347294,Young,Online,100000.0
1569154.8538685376,315490.3500206496,651630.3949372951,Senior,TV,100000.0
1047782.6652966667,690562.0406865153,205214.09204586849,Adult,Social Media,100000.0
436458.92908562743,618603.9407875712,747728.756993475,Young,Print,100000.0
1158127.5506937865,336770.82145058777,241892.86752253337,Senior,TV,100000.0
1833746.0961128434,885352.6394158008,714024.5243904905,Young,TV,100000.0
814991.5011843749,456260.8389758346,156779.25067601376,Senior,Online,100000.0
1306776.075468569,825331.5650015823,630658.516672764,Senior,Print,100000.0
1727242.143732289,145532.30875820178,28765.575650547336,Young,TV,100000.0
111354.08500012434,371572.25532491243,510298.8367180573,Young,Social Media,100000.0
2569987.571416655,890459.7729543882,517574.98480318463,Adult,Online,100000.0
552734.9973154871,907290.2078730356,510066.79487883486,Young,Print,100000.0
2187535.4840782937,24268.79310718999,609375.3866397798,Young,Print,100000.0
1269391.4099141846,430298.88805876905,219468.90800091845,Young,Online,100000.0
2535288.087756932,23699.06544510747,554065.055815371,Young,Print,100000.0
2555795.530292647,374034.84211834,773054.3756524064,Senior,Print,100000.0
735001.8163828326,604546.429417894,253053.82262936272,Young,Social Media,100000.0
1051687.9232475678,813820.7131986731,662373.0292580131,Senior,Social Media,100000.0
2987113.3086165674,623801.4238934247,674748.5611299435,Young,Print,100000.0
1193534.5194749646,176054.1337005357,593892.3479974668,Young,Online,100000.0
2130153.296825242,511360.0532800909,301446.10561530787,Senior,TV,100000.0
1529233.0693731883,223746.25573843342,664760.6959382873,Senior,Online,100000.0
445672.7419506872,81413.75772193138,587012.3831954653,Young,Print,100000.0
979126.718735485,289765.65796045295,361431.36300787394,Adult,Social Media,100000.0
1437056.7619023914,552484.8117975208,457882.2441837044,Adult,Print,100000.0
2773997.8506995565,510801.9118215095,309049.96924100467,Senior,TV,100000.0
1403836.8142139642,991595.9394740211,144005.40144286165,Young,TV,100000.0
2469139.845384184,883224.8674748284,311475.4433413502,Adult,Print,100000.0
530404.4080328918,750658.9040953093,226062.58467092665,Adult,Social Media,100000.0
2199854.6687852107,133551.0972200471,24802.022572107417,Young,Social Media,100000.0
2319703.048034165,91651.76411851705,216640.74734940132,Young,Print,100000.0
2554782.725778992,360913.3376624974,718293.7970695256,Senior,Online,100000.0
1333400.137038118,169766.62636172047,219391.82929953915,Senior,TV,100000.0
2001255.945184267,113040.10987217072,738069.5562090708,Young,Online,100000.0
1696303.4833690058,821589.73048572,149036.3468832653,Senior,Online,100000.0
353219.0197372184,505290.3156942882,75544.28999953462,Adult,Print,100000.0
797870.3489926114,299086.69258462207,218949.7755666838,Young,Print,100000.0
2091676.003433445,564150.9258814248,539811.281557462,Adult,Online,100000.0
1282183.6597062177,103180.80992561507,154399.42037001383,Young,Print,100000.0
2178707.7016349733,374062.31480154215,661876.4219327017,Senior,TV,100000.0
2249839.5244826837,198135.42930129534,259154.81747040417,Young,TV,100000.0
2186263.9996430734,812154.7899508381,231956.21144172156,Senior,Online,100000.0
473979.5376610114,367416.0551354543,240836.99451090128,Adult,TV,100000.0
573886.5759104198,442606.9936975001,410632.58776651724,Young,Print,100000.0
2560547.019524878,593309.9980502359,671234.437362256,Adult,Social Media,100000.0
2508068.1720956964,308368.76775516744,596325.8400722262,Adult,Social Media,100000.0
1439297.3262615614,52390.862569483776,149473.58883727767,Adult,TV,100000.0
1817547.3587242595,723527.2707846734,271658.9401494878,Adult,Online,100000.0
2377125.0160304406,468899.66720808786,196534.54839350405,Senior,TV,100000.0
2403064.9755679094,555746.812082275,454605.2521599403,Young,Print,100000.0
1166436.2872606048,8826.197239972355,294264.1643966763,Young,Online,100000.0
567161.0494523902,579330.6969557966,449257.8790626279,Young,Print,100000.0
2544687.0335926376,956733.3916237457,199373.22502200078,Young,Social Media,100000.0
878466.3861526805,182260.0276179316,161805.3299254571,Young,TV,100000.0
582331.0283875682,335628.1925784007,659186.3506506926,Adult,Print,100000.0
2922071.510499779,832797.9244225861,755575.7384747838,Senior,Print,100000.0
1224676.6450976045,291724.4961247657,195320.45650048522,Adult,TV,100000.0
378413.09443003056,67471.30861201123,576179.1955173371,Senior,Social Media,100000.0
2715310.208141188,467920.484799579,280984.0485192259,Senior,TV,100000.0
2086537.7204478527,120889.08139111022,687592.319508145,Young,Online,100000.0
1772638.2542470547,316569.67851033394,103253.6776869227,Senior,Social Media,100000.0
1955630.4466761497,743149.9483854965,742498.796718683,Adult,Social Media,100000.0
1823922.5407951646,536731.7051159256,473260.6418372432,Adult,Online,100000.0
658966.7790044665,749773.4220687677,677954.5350692016,Adult,Print,100000.0
207544.7933845519,742881.0812446651,54286.364146744505,Adult,Print,100000.0
969953.5813163045,988433.640019516,637468.786654977,Young,Online,100000.0
1893140.26885609,580352.8784363914,777167.7455977693,Young,Online,100000.0
2615817.3904110566,617373.1402995749,550387.3681234088,Young,TV,100000.0
2321279.9545665793,715549.6221712808,392697.65997533296,Senior,TV,100000.0
2678293.533030396,196142.82861009546,254132.31706237,Young,Print,100000.0
2765757.476701535,214825.19323196216,324296.35096407303,Adult,Online,100000.0
475526.56047555857,719509.0278633285,350043.4506179373,Senior,Print,100000.0
2081772.1809261683,353743.853084126,743927.5959685845,Adult,Print,100000.0
2821094.2337832376,738407.0385862547,598248.1620946081,Adult,Social Media,100000.0
732225.552868454,27863.469049002055,457624.6174766373,Adult,Social Media,100000.0
2194422.114480263,592808.9928424885,69233.14956643667,Adult,Print,100000.0
1293812.5854241026,249206.89997163636,342735.25457861956,Adult,Social Media,100000.0
2041526.0273803878,165676.01141695253,461712.18888769083,Senior,Social Media,100000.0
954380.4473764226,726857.2593004771,581047.883752608,Senior,Print,100000.0
2679361.703915594,588866.4105734421,633176.5577281802,Adult,Social Media,100000.0
811629.9692775238,511699.59012677346,141086.8028306309,Young,Social Media,100000.0
567860.6329717836,253743.62758779235,78136.63594414262,Adult,Online,100000.0
1018943.8776442513,256492.27292559607,112989.33446975212,Adult,Print,100000.0
2448903.1326252054,977764.6140389667,72224.66526906252,Adult,Print,100000.0
944242.0626500464,948420.7392302138,587068.2161795706,Adult,Social Media,100000.0
1099166.250717653,57755.88851918811,87463.92794740343,Senior,Print,100000.0
1808235.588979444,553487.0667768818,669123.2313188682,Adult,TV,100000.0
797076.6934399089,25070.2910962558,686890.0191397244,Young,TV,100000.0
1722229.3013774264,951604.1766310281,782518.1582890511,Adult,Print,100000.0
2417899.0524194995,498372.07290040585,13556.756911210321,Senior,TV,100000.0
2667275.5769619467,686604.6110583635,470142.619821891,Young,TV,100000.0
2684617.7301027523,163329.62718256828,765303.4258552545,Young,TV,100000.0
1268803.8356367515,859314.6234056235,84414.10010154673,Young,Print,100000.0
2231692.304605412,657142.775525445,265007.2498327239,Young,Online,100000.0
1429203.3938482655,29626.99358962828,201909.33551892423,Senior,Online,100000.0
2146389.8021230996,708987.2663038503,513770.6074599465,Senior,Online,100000.0
1141279.87402134,640328.2556675911,207920.4275647668,Young,Online,100000.0
1177546.106389114,47754.59039309393,146620.46773351962,Young,TV,100000.0
2980181.0720666633,408260.6038925657,357.7979091337724,Young,Social Media,100000.0
1655467.1729910031,796495.8984285793,48989.37363718368,Senior,Social Media,100000.0
617840.492428609,318738.111796271,82413.6169110095,Senior,Social Media,100000.0
1287893.2657858767,544394.1588933934,296087.4457992779,Young,Print,100000.0
706943.1050590326,75522.12269971914,791848.2266658902,Young,Social Media,100000.0
854103.1759416623,739873.1813756978,272896.37663989945,Adult,Social Media,100000.0
2034213.173760941,365704.35959850857,682478.0499930386,Young,Print,100000.0
2220928.665933048,376708.02813365334,698994.9217576006,Adult,Social Media,100000.0
1358470.847364024,870638.161319616,348333.448456189,Senior,Online,100000.0
1549935.8643559972,420168.81761480984,306552.8236639064,Young,Social Media,100000.0
1064976.3258639919,321151.72096492193,386325.62330303655,Senior,Print,100000.0
1049037.689902108,498455.06121177576,706818.071469273,Young,Print,100000.0
144593.27838710934,49440.270764193214,494502.27643391304,Senior,Online,100000.0
2430547.4467334817,947080.2263480333,457347.6853420925,Young,Online,100000.0
621283.5743617287,477299.8883363071,597327.3476077861,Adult,Social Media,100000.0
229998.63841412507,255516.09730640557,753831.5229656807,Young,Social Media,100000.0
2627475.4425093415,182741.8774395293,4655.027506743803,Senior,Social Media,100000.0
811759.5783387165,815950.4368028045,301797.51944003196,Young,Social Media,100000.0
2897268.8540858487,90133.30080424275,555933.7188073186,Young,Online,100000.0
504777.54941800993,566609.9210753879,578098.0091968495,Senior,Print,100000.0
489958.61319163523,793414.699925718,476403.72336480475,Young,Social Media,100000.0
2076226.1234986691,195943.21371259494,333804.2746071405,Senior,Print,100000.0
151454.05941142223,616872.8735085239,39058.11640692418,Adult,Print,100000.0
1719489.5408139792,659601.8597774266,39184.89435179513,Adult,Online,100000.0
684150.3524119463,444804.2852536704,165150.3318828521,Senior,Print,100000.0
312744.67208118,219245.98105029404,370091.0351895902,Adult,TV,100000.0
631106.421395911,958683.3468607711,685828.2164870742,Adult,Social Media,100000.0
2403850.310629268,653090.1961214924,5355.239843659554,Young,Print,100000.0
